{
    "title": "직원 정보",
    "employees" : [ 
        { "no":1001, "name" : "홍길동", "email":"gdhong@opensg.net", "mobile":"010-2222-3331" },
        { "no":1002, "name" : "이몽룡", "email":"mrlee@opensg.net", "mobile":"010-2222-3332" },
        { "no":1003, "name" : "성춘향", "email":"chsung@opensg.net", "mobile":"010-2222-3333" },
        { "no":1004, "name" : "박문수", "email":"mspark@opensg.net", "mobile":"010-2222-3334" },
        { "no":1005, "name" : "변학도", "email":"hdbyun@opensg.net", "mobile":"010-2222-3335" }
    ]
}
